{"scores":[{"killedEnemyCount":59,"earnedGold":2070,"surviveTime":117.30339050292969,"totalScore":2246},{"killedEnemyCount":2,"earnedGold":112,"surviveTime":27.419034957885743,"totalScore":141},{"killedEnemyCount":0,"earnedGold":0,"surviveTime":0.016808100044727327,"totalScore":0},{"killedEnemyCount":0,"earnedGold":0,"surviveTime":0.016246499493718149,"totalScore":0}]}